Mairie;Label VVF;Adresse 1;Adresse 2;Boîte postale;Département;Code postal;Ville;wgs84
MAIRIE D'ANNET-SUR-MARNE;3 fleurs;Hôtel de Ville;38 rue Paul-Valentin;BP n°3;77;77410;ANNET-SUR-MARNE;48.9256373, 2.7210641
MAIRIE D'ARNOUVILLE;3 fleurs;Hôtel de Ville;15-17 rue Robert Schuman;CS 20101;95;95400;ARNOUVILLE;48.9896288, 2.4202668
MAIRIE D'AUBERVILLIERS;2 fleurs;Hôtel de Ville;37 Rue du Moutier;;93;93300;AUBERVILLIERS;48.9151624, 2.3793442
MAIRIE DE BAILLY;1 fleur;Hôtel de Ville;1 rue des Chênes;;78;78870;BAILLY;48.8390927, 2.0793698
MAIRIE DE BEAUMONT-SUR-OISE;1 fleur;Hôtel de Ville;29 rue de Paris;;95;95260;BEAUMONT-SUR-OISE;49.1416945, 2.2840823
MAIRIE DE BERNES-SUR-OISE;2 fleurs;Hôtel de Ville;Place de la Mairie;;95;95340;BERNES SUR OISE;49.1611088, 2.301361
MAIRIE DE BOULOGNE BILLANCOURT;3 fleurs;Hôtel de Ville;26 avenue André Morizet;;92;92100;BOULOGNE-BILLANCOURT;48.8359758, 2.240282
MAIRIE DE GENTILLY;1 fleur;Hôtel de Ville;14 place Henri Barbusse;;94;94250;GENTILLY;48.815419, 2.3486794
MAIRIE DE L'ISLE-ADAM;3 fleurs;Hôtel de Ville;45 Grande Rue;B.P. 90083;95;95290;L'ISLE-ADAM;49.1122987, 2.2180793
MAIRIE DE LA TRETOIRE;1 fleur;Hôtel de Ville;Place de la Mairie;;77;77510;LA TRETOIRE;48.9236503, 3.2735543
MAIRIE DE LEVALLOIS-PERRET;4 fleurs;Hôtel de Ville;Place de la République;;92;92300;LEVALLOIS-PERRET;48.8931616, 2.2886643
MAIRIE DE LIZY-SUR-OURCQ;1 fleur;Hôtel de Ville;Place de Verdun;;77;77440;LIZY-SUR-OURCQ;48.9993208, 3.004241
MAIRIE DE MASSY;3 fleurs;Hôtel de Ville;1 avenue du Général de Gaulle;;91;91300;MASSY;48.7308902, 2.2713074
MAIRIE DE MOUROUX;1 fleur;Hôtel de Ville;Place de la Mairie;;77;77120;MOUROUX;48.8216022, 3.0374806
MAIRIE DE MOUSSY LE NEUF;3 fleurs;Hôtel de Ville;Place Charles de Gaulle;;77;77230;MOUSSY-LE-NEUF;49.063722, 2.604061
MAIRIE DE NOISY-LE-SEC;1 fleur;Hôtel de Ville;Place du Maréchal Foch;;93;93134;NOISY LE SEC CEDEX;48.8900959, 2.4513005
MAIRIE DE PALAISEAU;2 fleurs;Hôtel de Ville;91 rue de Paris;;91;91520;PALAISEAU;48.7145089, 2.2458606
MAIRIE DE PROVINS;3 fleurs;Hôtel de Ville;5 place du Général Leclerc;;77;77160;PROVINS;48.5298472, 3.255377
MAIRIE DE SACLAY;1 fleur;Hôtel de Ville;12 place de la Mairie;;91;91400;SACLAY;48.7309643, 2.1724777
MAIRIE DE SAINT-GERMAIN-EN-LAYE;3 fleurs;Hôtel de Ville;16 Rue de Pontoise;;78;78100;SAINT GERMAIN EN LAYE;48.8989295, 2.0941816
MAIRIE DE VILLEMOMBLE;3 fleurs;Hôtel de Ville;13 bis rue d'Avron;;93;93250;VILLEMOMBLE;48.8828407, 2.507191
MAIRIE DES CLAYES-SOUS-BOIS;2 fleurs;Hôtel de Ville;Place Charles de Gaulle;;78;78340;LES CLAYES-SOUS-BOIS;48.8213381, 1.986654
MAIRIE DU MESNIL-LE-ROI;3 fleurs;Hôtel de Ville;1 rue du Général Leclerc;;78;78605;LE MESNIL-LE-ROI CEDEX;48.9279705, 2.1223156
MAIRIE DE GOUSSONVILLE;1 fleur;Hôtel de Ville;2 rue du Bois de l'Aulnaye;;78;78930;GOUSSONVILLE;48.91894, 1.765858
MAIRIE DE SEVRES;3 fleurs;Hôtel de Ville;54 Grand Rue;;92;92310;SEVRES;48.824652, 2.213374
MAIRIE D'ARCUEIL;1 fleur;Hôtel de Ville;10 avenue Paul Doumer;;94;94114;ARCUEIL CEDEX;48.8060118, 2.3370875
MAIRIE D'ARGENTEUIL;3 fleurs;Hôtel de Ville;12-14 boulevardd Léon Feix;;95;95107;ARGENTEUIL;48.9468545, 2.2492426
MAIRIE D'ORSAY;2 fleurs;Hôtel de Ville;2 place du Général Leclerc;BP 47;91;91400;ORSAY;48.6989009, 2.1873819
MAIRIE DE BALLAINVILLIERS;1 fleur;Hôtel de Ville;1 rue Longjumeau;;91;91160;BALLAINVILLIERS;48.6764553, 2.2925639
MAIRIE DE CARRIERES-SOUS-POISSY;2 fleurs;Hôtel de Ville;1 place Saint Blaise;;78;78955;CARRIERES SOUS POISSY;48.943851, 2.0351294
MAIRIE DE CHANTELOUP-EN-BRIE;1 fleur;Hôtel de Ville;1 place Antoinette-Chocq;;77;77600;MARNE-LA-VALLEE CEDEX 03;48.856594, 2.739092
MAIRIE DE CHELLES;3 fleurs;Hôtel de Ville;Parc du Souvenir Emile Fouchard;;77;77505;CHELLES CEDEX;48.877856, 2.59024
MAIRIE DE CLAYE-SOUILLY;4 fleurs;Hôtel de Ville;Allée André Benoist;;77;77410;CLAYE SOUILLY;48.9470996, 2.6876029
MAIRIE DE COLOMBES;3 fleurs;Hôtel de Ville;Place de la République;;92;92701;COLOMBES CEDEX;48.9229955, 2.2547891
MAIRIE DE CRETEIL;4 fleurs;Hôtel de Ville;1 place Salvador Allende;;94;94000;CRETEIL;48.7776722, 2.4530087
MAIRIE DE GARGENVILLE;2 fleurs;Hôtel de Ville;15 place du 11 Novembre 1918;;78;78440;GARGENVILLE;48.9931707, 1.8511176
MAIRIE DE GOURNAY-SUR-MARNE;2 fleurs;Hôtel de Ville;10 Avenue Foch;B.P. 11;93;93460;GOURNAY SUR MARNE;48.8738459, 2.5805659
MAIRIE DE GRIGNY;2 fleurs;Hôtel de Ville;19 route de Corbeil;;91;91350;GRIGNY;48.6561483, 2.3850046
MAIRIE DE GUERARD;1 fleur;Hôtel de Ville;Grande Rue;;77;77580;GUERARD;48.8176168, 2.9610127
MAIRIE DE LA COURNEUVE;3 fleurs;Hôtel de Ville;58 avenue Gabriel Péri;;93;93126;LA COURNEUVE CEDEX;48.926239, 2.3917885
MAIRIE DE LA GARENNE-COLOMBES;2 fleurs;Hôtel de Ville;68 boulevard de la République;;92;92250;LA GARENNE-COLOMBES;48.90691, 2.2462853
MAIRIE DE MAISONS ALFORT;4 fleurs;Hôtel de Ville;118 Av du Général de Gaulle;;94;94701;MAISONS ALFORT CEDEX;48.8008625, 2.4298713
MAIRIE DE MEAUX;4 fleurs;Hôtel de Ville;2 Place de l'Hôtel de Ville;;77;77100;MEAUX;48.9587474, 2.877579
MAIRIE DE MELUN;4 fleurs;Hôtel de Ville;Rue Paul Doumer;;77;77000;MELUN;48.5395013, 2.6610621
MAIRIE DE MEUDON;4 fleurs;Hôtel de Ville;6 avenue Le Corbeiller;;92;92190;MEUDON;48.8127232, 2.2386218
MAIRIE DE RIS-ORANGIS;3 fleurs;Hôtel de Ville;Place du Général de Gaulle;;91;91130;RIS-ORANGIS;48.6536186, 2.41603
MAIRIE DE SAINT-FARGEAU-PONTHIERRY;1 fleur;Hôtel de Ville;69 avenue de Fontainebleau;;77;77310;SAINT FARGEAU PONTHIERRY;48.5303778, 2.5433768
MAIRIE DE SAINT-MANDE;2 fleurs;Hôtel de Ville;10 place Charles Digeon;;94;94160;SAINT MANDE;48.8432358, 2.4191534
MAIRIE DE SAINT-MICHEL-SUR-ORGE;2 fleurs;Hôtel de Ville;16 rue de l'Eglise;;91;91241;SAINT MICHEL SUR ORGE;48.6302877, 2.3026443
MAIRIE DE STAINS;2 fleurs;Hôtel de Ville;6 avenue Paul Vaillant Couturier;;93;93240;STAINS;48.9558242, 2.3829642
MAIRIE DE TOURNAN-EN-BRIE;1 fleur;Hôtel de Ville;Place Edmond de Rothschild;BP 10027;77;77221;TOURNAN-EN-BRIE CEDEX;48.7407883, 2.7637792
MAIRIE DE VAIRES-SUR-MARNE;3 fleurs;Hôtel de Ville;26 boulevard de Lorraine;;77;77360;VAIRES-SUR-MARNE;48.8732554, 2.639576
MAIRIE DE VAUX-LE-PENIL;2 fleurs;Hôtel de Ville;8 rue des Carouges;;77;77000;VAUX LE PENIL;48.5257882, 2.6835638
MAIRIE DE VERT-SAINT-DENIS;1 fleur;Hôtel de Ville;2 rue Pasteur;;77;77240;VERT SAINT DENIS;48.5649201, 2.6127551
MAIRIE DE VILLENEUVE-LE-ROI;2 fleurs;Hôtel de Ville;1 place de la Vieille Eglise;;94;94290;VILLENEUVE LE ROI;48.7350316, 2.4079871
MAIRIE DU BLANC-MESNIL;3 fleurs;Hôtel de Ville;Place Gabriel Péri;;93;93156;LE BLANC MESNIL CEDEX;48.938876, 2.4641883
MAIRIE DU KREMLIN BICETRE;2 fleurs;Hôtel de Ville;42 rue de la Convention;;94;94270;LE KREMLIN BICETRE;48.8121292, 2.3568193
MAIRIE DU PLESSIS-TREVISE;3 fleurs;Hôtel de Ville;36 avenue Ardouin;;94;94420;LE PLESSIS TREVISE;48.8087415, 2.5730938
MAIRIE DU VESINET;4 fleurs;Hôtel de Ville;60 boulevard Carnot;;78;78110;LE VESINET;48.8940078, 2.1348145
MAIRIE DE CACHAN;3 fleurs;Hôtel de Ville;Square de la Libération;BP 130;94;94234;CACHAN CEDEX;48.79463, 2.333909
MAIRIE D'ABLON-SUR-SEINE;1 fleur;Hôtel de Ville;16 rue du Maréchal Foch;;94;94480;ABLON SUR SEINE;48.7247418, 2.4216095
MAIRIE D'ETRECHY;2 fleurs;Hôtel de Ville;Place Charles de Gaulle;;91;91580;ETRECHY;48.4935553, 2.1895444
MAIRIE DE BAULNE;2 fleurs;Hôtel de Ville;86 route de Corbeil;;91;91590;BAULNE;48.5015456, 2.3665706
MAIRIE DE BOISSISE-LA-BERTRAND;1 fleur;Hôtel de Ville;2 rue François Rolin;;77;77350;BOISSISE-LA-BERTRAND;48.5267975, 2.5883148
MAIRIE DE BONDY;2 fleurs;Hôtel de Ville;Esplanade Claude Fuzier;;93;93140;BONDY;48.9022362, 2.4817281
MAIRIE DE BOUGIVAL;1 fleur;Hôtel de Ville;126 rue du Maréchal Joffre;;78;78380;BOUGIVAL;48.8608942, 2.1399982
MAIRIE DE BREUILLET;1 fleur;Hôtel de Ville;3 rue de la Gare;;91;91650;BREUILLET;48.5658169, 2.1706266
MAIRIE DE CHATENAY-MALABRY;3 fleurs;Hôtel de Ville;26 rue du Docteur Le Savoureux;;92;92291;CHATENAY MALABRY CEDEX;48.7672873, 2.277661
MAIRIE DE CHEVILLY-LARUE;2 fleurs;Hôtel de Ville;88 avenue du Général de Gaulle;;94;94550;CHEVILLY LARUE;48.7709625, 2.3478216
MAIRIE DE COIGNIERES;2 fleurs;Hôtel de Ville;rue des Etangs;CS 70521;78;78317;COIGNIERES CEDEX;48.751888, 1.914274
MAIRIE DE DAMMARIE-LES-LYS;2 fleurs;Hôtel de Ville;26 rue Charles de Gaulle;BP 24;77;77196;DAMMARIE LES LYS CEDEX;48.5148159, 2.6344834
MAIRIE DE FLAGY;1 fleur;Hôtel de Ville;5 rue Poêlon;;77;77940;FLAGY;48.3126847, 2.9214886
MAIRIE DE FONTAINEBLEAU;2 fleurs;Hôtel de Ville;40 rue Grande;;77;77300;FONTAINEBLEAU;48.4047588, 2.7009635
MAIRIE DE LA CELLE-SUR-MORIN;3 fleurs;Hôtel de Ville;Rue en Bas;;77;77515;LA CELLE SUR MORIN;48.8058041, 2.9689752
MAIRIE DE MAUCHAMPS;1 fleur;Hôtel de Ville;1 place Saint Jean;;91;91730;MAUCHAMPS;48.5300541, 2.1942507
MAIRIE DE NOISY-LE-ROI;2 fleurs;Hôtel de Ville;37 rue André Lebourblanc;;78;78590;NOISY LE ROI;48.843815, 2.064579
MAIRIE DE PONTAULT-COMBAULT;1 fleur;Hôtel de Ville;107 Avenue République;;77;77347;PONTAULT COMBAULT;48.800584, 2.6076932
MAIRIE DE RUEIL-MALMAISON;4 fleurs;Hôtel de Ville;13 boulevard Foch;;92;92500;RUEIL-MALMAISON;48.8781473, 2.1809834
MAIRIE DE SAINT-DENIS;3 fleurs;Hôtel de Ville;2 place victor hugo;BP 269;93;93205;SAINT-DENIS CEDEX;48.9358318, 2.3584282
MAIRIE DE SERRIS;3 fleurs;Hôtel de Ville;12 rue Emile Cloud;;77;77700;SERRIS;48.8443133, 2.7887482
MAIRIE DE SOUZY-LA-BRICHE;2 fleurs;Hôtel de Ville;4 chemin des Sources;;91;91580;SOUZY LA BRICHE;48.5294082, 2.1481415
MAIRIE DE VALENTON;1 fleur;Hôtel de Ville;48 Rue du Colonel Fabien;;94;94460;VALENTON;48.7443358, 2.4697826
MAIRIE DE VAUCRESSON;1 fleur;Hôtel de Ville;8 Grande Rue;;92;92420;VAUCRESSON;48.8393618, 2.1579418
MAIRIE DE VERT-LE-GRAND;2 fleurs;Hôtel de Ville;7 place de la Mairie;;91;91810;VERT-LE-GRAND;48.5731166, 2.3594348
MAIRIE DE VILLIERS-SUR-MARNE;2 fleurs;Hôtel de Ville;Place de l'Hôtel de Ville;;94;94350;VILLIERS SUR MARNE;48.8257452, 2.5410886
MAIRIE DE VIROFLAY;2 fleurs;Hôtel de Ville;2 place du Général de Gaulle;;78;78220;VIROFLAY;48.7994999, 2.1730631
MAIRIE DU COUDRAY MONTCEAUX;2 fleurs;Hôtel de Ville;45 avenue Charles de Gaulle;;91;91830;LE COUDRAY MONTCEAUX;48.5654637, 2.4861421
MAIRIE DE FONTENAY-SOUS-BOIS;3 fleurs;Hôtel de Ville;4 esplanade Louis Bayeurte;;94;94125;FONTENAY SOUS BOIS CEDEX;48.851557, 2.475798
MAIRIE DE CHOISY-LE-ROI;3 fleurs;Hôtel de Ville;Place Gabriel Péri;BP 208;94;94607;CHOISY LE ROI CEDEX;48.762962, 2.408831
MAIRIE DE SAMOREAU;1 fleur;Hôtel de Ville;24 rue Haut de Samoreau;;77;77210;SAMOREAU;48.42538, 2.755994
MAIRIE DE COMBS-LA-VILLE;2 fleurs;Hôtel de Ville;Place de l'Hôtel de Ville;;77;77380;COMBS-LA-VILLE;48.664759, 2.565172
MAIRIE D'ERMONT;3 fleurs;Hôtel de Ville;100 rue Louis Savoie;;95;95123;ERMONT CEDEX;48.9916222, 2.2585406
MAIRIE D'HERBLAY;1 fleur;Hôtel de Ville;43 rue du Général de Gaulle;;95;95220;HERBLAY;48.9895494, 2.1653567
MAIRIE DE BRAY-SUR-SEINE;1 fleur;Hôtel de Ville;Place du Général de Gaulle;;77;77480;BRAY SUR SEINE;48.4148078, 3.2397383
MAIRIE DE CERGY;3 fleurs;Hôtel de Ville;3 place de l'Hôtel de Ville;BP 48000 Cergy;95;95801;CERGY-PONTOISE CEDEX;49.0502465, 2.1001302
MAIRIE DE CHAMBOURCY;2 fleurs;Hôtel de Ville;2 place Charles de Gaulle;;78;78240;CHAMBOURCY;48.8557922, 2.0190459
MAIRIE DE CHEVREUSE;2 fleurs;Hôtel de Ville;5 rue de la Division Leclerc;;78;78460;CHEVREUSE;48.707679, 2.0446522
MAIRIE DE COURBEVOIE;4 fleurs;Hôtel de Ville;Place de l'Hôtel de Ville;;92;92401;COURBEVOIE CEDEX;48.9103547, 2.2892967
MAIRIE DE DEUIL-LA-BARRE;2 fleurs;Hôtel de Ville;36 rue Charles de Gaulle;;95;95170;DEUIL-LA-BARRE;48.9748765, 2.3283182
MAIRIE DE DRANCY;3 fleurs;Hôtel de Ville;Place de l'Hôtel de Ville;;93;93700;DRANCY;48.9344024, 2.4996776
MAIRIE DE FERRIERES-EN-BRIE;1 fleur;Hôtel de Ville;Place Auguste Trézy;;77;77164;FERRIERES-EN-BRIE;48.8210921, 2.7042803
MAIRIE DE FORGES-LES-BAINS;1 fleur;Hôtel de Ville;9 rue du Docteur Babin;;91;91470;FORGES LES BAINS;48.6279366, 2.0987436
MAIRIE DE FRESNES-SUR-MARNE;1 fleur;Hôtel de Ville;2 rue de l'Église;;77;77410;FRESNES SUR MARNE;48.9376321, 2.7415198
MAIRIE DE GENNEVILLIERS;3 fleurs;Hôtel de Ville;177 avenue Gabriel Péri;;92;92230;GENNEVILLIERS;48.9258469, 2.2943438
MAIRIE DE LA CELLE-SAINT-CLOUD;3 fleurs;Hôtel de Ville;8E avenue Charles de Gaulle;;78;78170;LA CELLE-SAINT-CLOUD;48.8486863, 2.1371357
MAIRIE DE LA FERTE-GAUCHER;1 fleur;Hôtel de Ville;1 Place du Général de Gaulle;;77;77320;LA FERTE GAUCHER;48.7814077, 3.3056071
MAIRIE DE LAGNY-SUR-MARNE;3 fleurs;Hôtel de Ville;2 place de l'Hôtel de Ville;;77;77400;LAGNY-SUR-MARNE;48.8776383, 2.7055435
MAIRIE DE LOUVECIENNES;3 fleurs;Hôtel de Ville;30 rue du Général Leclerc;;78;78430;LOUVECIENNES;48.8612073, 2.1157641
MAIRIE DE MALAKOFF;3 fleurs;Hôtel de Ville;1 place du 11 Novembre;;92;92240;MALAKOFF;48.8211267, 2.3014858
MAIRIE DE MORIGNY-CHAMPIGNY;2 fleurs;Hôtel de Ville;8 rue de la Mairie;;91;91150;MORIGNY-CHAMPIGNY;48.4466854, 2.1818082
MAIRIE DE ROSNY-SOUS-BOIS;3 fleurs;Hôtel de Ville;20 rue Rochebrune;;93;93111;ROSNY-SOUS-BOIS CEDEX;48.8721036, 2.4883129
MAIRIE DE SAINT-MAUR-DES-FOSSES;3 fleurs;Hôtel de Ville;Place Charles de Gaulle;;94;94107;SAINT MAUR DES FOSSES CEDEX;48.803446, 2.4854152
MAIRIE DE SAINT-NOM-LA-BRETECHE;1 fleur;Hôtel de Ville;32 rue de la Fontaine des Vaux;;78;78860;SAINT-NOM-LA-BRETECHE;48.8597695, 2.0206929
MAIRIE DE SAINT-PIERRE-DU-PERRAY;1 fleur;Hôtel de Ville;2 avenue des Jasmins;;91;91280;SAINT PIERRE DU PERRAY;48.6131403, 2.4963165
MAIRIE DE SANNOIS;3 fleurs;Hôtel de Ville;Place du Général Leclerc;;95;95110;SANNOIS;49.0049828, 2.2599118
MAIRIE DE SARTROUVILLE;3 fleurs;Hôtel de Ville;Place de l'Hôtel de Ville;BP 275;78;78506;SARTROUVILLE;48.940244, 2.157974
MAIRIE DE VINCENNES;3 fleurs;Hôtel de Ville;53 Bis rue de Fontenay;;94;94304;VINCENNES CEDEX;48.847694, 2.439799
MAIRIE DE VILLEJUIF;1 fleur;Hôtel de Ville;2 esplanade Pierre-Yves Cosnier;;94;94807;VILLEJUIF CEDEX;48.79187, 2.363596
MAIRIE D'ABLIS;2 fleurs;Hôtel de Ville;8 rue de la Mairie;;78;78660;ABLIS;48.517149, 1.8331736
MAIRIE D'AUVERS SUR OISE;1 fleur;Hôtel de Ville;17 rue du Général de Gaulle;;95;95430;AUVERS SUR OISE;49.0705839, 2.1713161
MAIRIE D'ERAGNY-SUR-OISE;2 fleurs;Hôtel de Ville;Place Louis Don Marino;BP 70021 ERAGNY-SUR-OISE;95;95610;ERAGNY-SUR-OISE;49.02458, 2.094985
MAIRIE D'ISSY LES MOULINEAUX;3 fleurs;Hôtel de Ville;47 Rue du Général Leclerc;;92;92131;ISSY LES MOULINEAUX;48.8246398, 2.2749649
MAIRIE DE BOIS-COLOMBES;3 fleurs;Hôtel de Ville;15 rue Charles Duflos;;92;92270;BOIS COLOMBES;48.9143993, 2.2678038
MAIRIE DE BOISSY-L'AILLERIE;2 fleurs;Hôtel de Ville;9 rue de la République;;95;95650;BOISSY L'AILLERIE;49.0768961, 2.029151
MAIRIE DE BOISSY-SAINT-LEGER;3 fleurs;Hôtel de Ville;7 boulevard Léon Révillon;;94;94470;BOISSY-SAINT-LEGER;48.747934, 2.5131473
MAIRIE DE BOUSSY-SAINT-ANTOINE;1 fleur;Hôtel de Ville;5 place des Droits de l'Homme;;91;91800;BOUSSY ST ANTOINE;48.6891076, 2.5297452
MAIRIE DE BRETIGNY-SUR-ORGE;2 fleurs;Hôtel de Ville;44 rue de la Mairie;;91;91220;BRETIGNY SUR ORGE;48.6112535, 2.3059307
MAIRIE DE CHATILLON;3 fleurs;Hôtel de Ville;1 place de la Libération;BP 88;92;92323;CHATILLON CEDEX;48.799848, 2.289655
MAIRIE DE CHAVENAY;2 fleurs;Hôtel de Ville;1 place de l'Eglise;;78;78450;CHAVENAY;48.853793, 1.9866465
MAIRIE DE CHILLY-MAZARIN;3 fleurs;Hôtel de Ville;Place du 8 mai 1945;BP 107;91;91383;CHILLY-MAZARIN CEDEX;48.7018824, 2.3140331
MAIRIE DE CLAMART;2 fleurs;Hôtel de Ville;Place Maurice Gunsbourg;;92;92141;CLAMART CEDEX;48.8002784, 2.262678
MAIRIE DE COMPANS;3 fleurs;Hôtel de Ville;1 rue de la Mairie;;77;77290;COMPANS;48.9937423, 2.66263
MAIRIE DE CROISSY BEAUBOURG;3 fleurs;Hôtel de Ville;30 rue de Paris;;77;77183;CROISSY BEAUBOURG;48.8278965, 2.6596563
MAIRIE DE GREZ-SUR-LOING;2 fleurs;Hôtel de Ville;86 rue Wilson;;77;77880;GREZ SUR LOING;48.3152451, 2.690372
MAIRIE DE JOUY-MAUVOISIN;2 fleurs;Hôtel de Ville;Place de la Mairie;;78;78200;JOUY-MAUVOISIN;48.9746373, 1.6493558
MAIRIE DE LA QUEUE-EN-BRIE;1 fleur;Hôtel de Ville;Place du 18 Juin 1940;;94;94510;LA QUEUE-EN-BRIE;48.7709132, 2.5182144
MAIRIE DE LESIGNY;2 fleurs;Hôtel de Ville;6 rue Villarceau;;77;77150;LESIGNY;48.7444229, 2.6160655
MAIRIE DE LIMOURS-EN-HUREPOIX;2 fleurs;Hôtel de Ville;Place du Général de Gaulle;;91;91470;LIMOURS EN HUREPOIX;48.6460171, 2.0762799
MAIRIE DE MANDRES-LES-ROSES;1 fleur;Hôtel de Ville;4 rue du Général Leclerc;;94;94520;MANDRES LES ROSES;48.701506, 2.5419162
MAIRIE DE MILLY-LA-FORET;1 fleur;Hôtel de Ville;Place de la République;;91;91490;MILLY-LA-FORET;48.4031739, 2.4673194
MAIRIE DE PARAY-VIEILLE-POSTE;3 fleurs;Hôtel de Ville;8 place Henri Barbusse;;91;91550;PARAY VIEILLE POSTE;48.7126961, 2.3636759
MAIRIE DE PUTEAUX;3 fleurs;Hôtel de Ville;131 rue de la République;;92;92800;PUTEAUX;48.8844636, 2.2380969
MAIRIE DE RAMBOUILLET;3 fleurs;Hôtel de Ville;1 Place de la Libération;;78;78514;RAMBOUILLET CEDEX;48.6449451, 1.8194238
MAIRIE DE SAINT-MARD;1 fleur;Hôtel de Ville;Rue de la Mairie;;77;77230;SAINT MARD;49.03702, 2.694859
MAIRIE DE SAINT-PIERRE-LES-NEMOURS;1 fleur;Hôtel de Ville;7 Chemin de la Messe;;77;77140;SAINT PIERRE LES NEMOURS;48.2633049, 2.6845816
MAIRIE DE SCEAUX;2 fleurs;Hôtel de Ville;122 rue Houdan;;92;92330;SCEAUX;48.7791971, 2.2885144
MAIRIE DE VARENNES-SUR-SEINE;2 fleurs;Hôtel de Ville;Grande Rue;;77;77130;VARENNES SUR SEINE;48.3736248, 2.9214992
MAIRIE DE VELIZY-VILLACOUBLAY;4 fleurs;Hôtel de Ville;2 place de l'Hôtel de Ville;BP 151;78;78145;VELIZY VILLACOUBLAY;48.7828503, 2.191159
MAIRIE DE VILLE D'AVRAY;1 fleur;Hôtel de Ville;13 route de Saint-Cloud;;92;92410;VILLE D'AVRAY;48.8253897, 2.1818772
MAIRIE DE VILLETANEUSE;3 fleurs;Hôtel de Ville;Place de l'Hôtel de ville;;93;93430;VILLETANEUSE;48.9614722, 2.3438328
MAIRIE DE VILLIERS-SAINT-FREDERIC;1 fleur;Hôtel de Ville;2 rue Charles de Gaulle;;78;78640;VILLIERS SAINT FREDERIC;48.8197181, 1.8917922
MAIRIE DE YERRES;3 fleurs;Hôtel de Ville;60 rue Charles de Gaulle;;91;91330;YERRES;48.7169596, 2.4900921
MAIRIE DES ULIS;3 fleurs;Hôtel de Ville;Rue du Morvan BP 1011;;91;91940;LES ULIS;48.6792779, 2.16647
MAIRIE DU PLESSIS-ROBINSON;4 fleurs;Hôtel de Ville;3 place de la Mairie;;92;92350;LE PLESSIS-ROBINSON;48.7823665, 2.2618003
MAIRIE D'ANDRESY;2 fleurs;Hôtel de Ville;4 Boulevard Noël Marc;;78;78570;ANDRESY;48.982059, 2.0614804
MAIRIE D'AUBERGENVILLE;2 fleurs;Hôtel de Ville;1 Avenue de la Division Leclerc;;78;78416;AUBERGENVILLE CEDEX;48.9589606, 1.8551532
MAIRIE D'EPINAY-SOUS-SENART;1 fleur;Hôtel de Ville;8 route Sainte Geneviève;;91;91860;EPINAY SOUS SENART;48.6946562, 2.5148512
MAIRIE DE BAGNEAUX-SUR-LOING;2 fleurs;Hôtel de Ville;Place de l'Hôtel de Ville;;77;77167;BAGNEAUX SUR LOING;48.2308434, 2.7060266
MAIRIE DE BOURG-LA-REINE;3 fleurs;Hôtel de Ville;6 boulevard Carnot;;92;92340;BOURG LA REINE;48.7788678, 2.315958
MAIRIE DE BRIE-COMTE-ROBERT;3 fleurs;Hôtel de Ville;2 rue de Verdun;;77;77170;BRIE COMTE ROBERT CEDEX;48.6943638, 2.6115823
MAIRIE DE CHAMPLAN;2 fleurs;Hôtel de Ville;Place de la Mairie;;91;91160;CHAMPLAN;48.7085231, 2.2742397
MAIRIE DE CHARNY;2 fleurs;Hôtel de Ville;1 rue de l'Église;;77;77410;CHARNY;48.9709591, 2.7609522
MAIRIE DE CONFLANS-SAINTE-HONORINE;1 fleur;Hôtel de Ville;63 rue Maurice Berteaux;;78;78703;CONFLANS SAINTE HONORINE;48.9937504, 2.0947198
MAIRIE DE CORBEIL-ESSONNES;3 fleurs;Hôtel de Ville;2 place Galignani;;91;91100;CORBEIL ESSONNES;48.6139553, 2.4817776
MAIRIE DE COULOMMIERS;3 fleurs;Hôtel de Ville;13 rue du Général de Gaulle;;77;77120;COULOMMIERS;48.811993, 3.085012
MAIRIE DE COURCOURONNES;3 fleurs;Hôtel de Ville;2 rue Paul Puech;;91;91080;COURCOURONNES;48.6173884, 2.4081245
MAIRIE DE FAREMOUTIERS;2 fleurs;Hôtel de Ville;Avenue Victor Massoul;;77;77515;FAREMOUTIERS;48.8032826, 3.0011501
MAIRIE DE GRISY-LES-PLATRES;1 fleur;Hôtel de Ville;10 rue Robert Machy;;95;95810;GRISY-LES-PLATRES;49.1308155, 2.0505105
MAIRIE DE HOUILLES;2 fleurs;Hôtel de Ville;16 rue Gambetta;;78;78805;HOUILLES;48.9231927, 2.186706
MAIRIE DE LINAS;2 fleurs;Hôtel de Ville;Place Ernest Pillon;;91;91310;LINAS;48.6313611, 2.2665352
MAIRIE DE MONTALET-LE-BOIS;1 fleur;Hôtel de Ville;2 rue de l'Eglise;;78;78440;MONTALET-LE-BOIS;49.0459622, 1.8256458
MAIRIE DE MONTFERMEIL;1 fleur;Hôtel de Ville;7/11 place Jean Mermoz;;93;93370;MONTFERMEIL;48.9019969, 2.571692
MAIRIE DE MONTRY;1 fleur;Hôtel de Ville;25 avenue de la Mairie;;77;77450;MONTRY;48.8877533, 2.828409
MAIRIE DE PIERREFITTE-SUR-SEINE;2 fleurs;Hôtel de Ville;2 place de la Libération;;93;93380;PIERREFITTE SUR SEINE;48.9633994, 2.3591007
MAIRIE DE REBAIS;1 fleur;Hôtel de Ville;2 rue de l' Hôtel de Ville;;77;77510;REBAIS;48.8462331, 3.2318774
MAIRIE DE ROISSY-EN-FRANCE;2 fleurs;Hôtel de Ville;40 avenue Charles de Gaulle;;95;95700;ROISSY EN FRANCE;49.0032362, 2.5184313
MAIRIE DE RUNGIS;4 fleurs;Hôtel de Ville;5 rue Sainte-Geneviève;;94;94150;RUNGIS;48.748531, 2.347828
MAIRIE DE SAINT-CLOUD;2 fleurs;Hôtel de Ville;13 place Charles de Gaulle;;92;92210;SAINT CLOUD;48.8438108, 2.219086
MAIRIE DE SAINT-OUEN;2 fleurs;Hôtel de Ville;6 place de la République;;93;93406;SAINT OUEN CEDEX;48.9126201, 2.3328277
MAIRIE DE SEVRAN;2 fleurs;Hôtel de Ville;28 avenue du Général Leclerc;;93;93270;SEVRAN;48.9399746, 2.5266848
MAIRIE DE SOISY SOUS MONTMORENCY;4 fleurs;Hôtel de Ville;2 avenue du Général de Gaulle;;95;95230;SOISY-SOUS-MONTMORENCY;48.9874476, 2.3006723
MAIRIE DE SOUPPES-SUR-LOING;1 fleur;Hôtel de Ville;19 avenue du Maréchal Leclerc;;77;77460;SOUPPES SUR LOING;48.1832689, 2.7357293
MAIRIE DE THOMERY;1 fleur;Hôtel de Ville;9 rue de la République;;77;77810;THOMERY;48.4093467, 2.7846784
MAIRIE DE VAUJOURS;2 fleurs;Hôtel de Ville;20 rue Alexandre Boucher;;93;93410;VAUJOURS;48.9323852, 2.5674014
MAIRIE DE VILLEBON-SUR-YVETTE;3 fleurs;Hôtel de Ville;Place Gérard Nevers;BP 1;91;91141;VILLEBON SUR YVETTE;48.6964029, 2.236654
MAIRIE DE VILLEJUST;1 fleur;Hôtel de Ville;6 rue de la Mairie;;91;91140;VILLEJUST;48.6822567, 2.2365531
MAIRIE DE VILLENEUVE-LA-GARENNE;3 fleurs;Hôtel de Ville;28 avenue de Verdun;;92;92390;VILLENEUVE LA GARENNE;48.935901, 2.3325663
MAIRIE DE VILLIERS-EN-BIERE;1 fleur;Hôtel de Ville;1 rue Cambot;;77;77190;VILLIERS EN BIERE;48.4941555, 2.5987081
MAIRIE DE VILLIERS-LE-BEL;1 fleur;Hôtel de Ville;32 rue de la République;;95;95400;VILLIERS LE BEL;49.0014803, 2.3846182
MAIRIE DU PECQ;3 fleurs;Hôtel de Ville;13 Bis Quai Maurice Berteaux;BP 60;78;78231;LE PECQ CEDEX;48.89715, 2.106812
MAIRIE DE BOBIGNY;2 fleurs;Hôtel de Ville;31 Avenue du Président Salvador-Allende;;93;93009;BOBIGNY CEDEX;48.905018, 2.445616
MAIRIE D'ASNIERES SUR SEINE;1 fleur;Hôtel de Ville;1 Place de l'Hôtel de Ville;B.P. 217;92;92602;ASNIERES-SUR-SEINE CEDEX;48.9108577, 2.2887597
MAIRIE D'EMERAINVILLE;2 fleurs;Hôtel de Ville;16 place de l'Europe;;77;77184;EMERAINVILLE;48.8120365, 2.6213207
MAIRIE D'EPINAY-SUR-ORGE;2 fleurs;Hôtel de Ville;8 rue de l'Eglise;;91;91360;EPINAY SUR ORGE;48.6731975, 2.3240154
MAIRIE D'ETAMPES;2 fleurs;Hôtel de Ville;Place de l'Hôtel de Ville;BP 109;91;91152;ETAMPES CEDEX;48.434471, 2.162037
MAIRIE D'OSNY;2 fleurs;Hôtel de Ville;Rue William Thornley;BP14;95;95520;OSNY;49.0641282, 2.0650952
MAIRIE DE BAGNEUX;3 fleurs;Hôtel de Ville;57 Avenue Henri-Ravera;;92;92220;BAGNEUX;48.79848, 2.3041662
MAIRIE DE CHAVILLE;3 fleurs;Hôtel de Ville;1456 av Roger Salengro;;92;92370;CHAVILLE;48.8097566, 2.1883895
MAIRIE DE GARCHES;3 fleurs;Hôtel de Ville;2 rue Claude Liard;;92;92380;GARCHES;48.8431302, 2.1870953
MAIRIE DE GONESSE;2 fleurs;Hôtel de Ville;66 rue de Paris;BP 10060;95;95503;GONESSE CEDEX;48.9863736, 2.4500325
MAIRIE DE JOINVILLE-LE-PONT;3 fleurs;Hôtel de Ville;23 rue de Paris;B.P. 83;94;94344;JOINVILLE-LE-PONT;48.8182577, 2.4670834
MAIRIE DE LA ROCHETTE;1 fleur;Hôtel de Ville;55 rue Rosa Bonheur;BP 801;77;77012;LA ROCHETTE;48.5206968, 2.6555309
MAIRIE DE LISSES;2 fleurs;Hôtel de Ville;2 rue Thirouin;;91;91090;LISSES;48.5978434, 2.4249823
MAIRIE DE LONGJUMEAU;3 fleurs;Hôtel de Ville;6 bis rue Léontine Sohier;BP 482;91;91164;LONGJUMEAU CEDEX;48.694115, 2.295722
MAIRIE DE MORET-SUR-LOING;2 fleurs;Hôtel de Ville;26 rue Grande;;77;77250;MORET-SUR-LOING;48.373214, 2.816498
MAIRIE DE NEUILLY-PLAISANCE;1 fleur;Hôtel de Ville;6 rue du Général de Gaulle;;93;93360;NEUILLY PLAISANCE;48.8609973, 2.5063705
MAIRIE DE NEUILLY-SUR-SEINE;3 fleurs;Hôtel de Ville;96 avenue Achille Peretti;;92;92200;NEUILLY SUR SEINE;48.8849586, 2.269797
MAIRIE DE PARMAIN;2 fleurs;Hôtel de Ville;2 place Georges Clémenceau;;95;95620;PARMAIN;49.1138561, 2.2092934
MAIRIE DE SAINT-BRICE-SOUS-FORET;1 fleur;Hôtel de Ville;14 rue de Paris;;95;95350;SAINT BRICE SOUS FORET;48.997365, 2.3566594
MAIRIE DE SANTENY;2 fleurs;Hôtel de Ville;Place du Général De Gaulle;;94;94440;SANTENY;48.725774, 2.570136
MAIRIE DE SARCELLES;2 fleurs;Centre administratif;4 place de Navarre;;95;95200;SARCELLES;48.997324, 2.378285
MAIRIE DE TIGERY;2 fleurs;Hôtel de Ville;2 Place Liedekerke-Beaufort;B.P. 24;91;91250;TIGERY;48.639413, 2.5070883
MAIRIE DE VANVES;2 fleurs;Hôtel de Ville;33 rue Antoine Fratacci;;92;92170;VANVES;48.8212024, 2.288556
MAIRIE DE VERSAILLES;3 fleurs;Hôtel de Ville;4 avenue de Paris;RP 1144;78;78011;VERSAILLES CEDEX;48.8011089, 2.1302176
MAIRIE DE VILLEPINTE;3 fleurs;Hôtel de Ville;Place de l'Hôtel de Ville;;93;93420;VILLEPINTE;48.9634987, 2.5344766
MAIRIE DE DOURDAN;3 fleurs;Hôtel de Ville;Esplanade Jean Moulin;BP 10107;91;91415;DOURDAN CEDEX;48.529559, 2.012853
MAIRIE D'EVRY;3 fleurs;Hôtel de Ville;Place des droits de l'homme et du citoyen;;91;91000;EVRY CEDEX;48.624146, 2.428767
MAIRIE D'ACHERES;2 fleurs;Hôtel de Ville;8 rue Deschamps Guérin;;78;78260;ACHERES;48.9606335, 2.0697246
MAIRIE D'ALFORTVILLE;2 fleurs;Hôtel de Ville;Place François Mitterrand;BP 75;94;94140;ALFORTVILLE;48.8054058, 2.4195177
MAIRIE D'ARPAJON;3 fleurs;Hôtel de Ville;70 Grande Rue;;91;91290;ARPAJON;48.5901085, 2.2484479
MAIRIE D'AULNAY SOUS BOIS;4 fleurs;Hôtel de Ville;Place de l'Hôtel de Ville;;93;93600;AULNAY SOUS BOIS;48.9344024, 2.4996776
MAIRIE D'EAUBONNE;3 fleurs;Hôtel de Ville;1 rue d'Enghien;;95;95600;EAUBONNE;48.9910724, 2.2789854
MAIRIE D'OLLAINVILLE;2 fleurs;Hôtel de Ville;2 rue de la Mairie;;91;91340;OLLAINVILLE;48.5909568, 2.2171836
MAIRIE DE BAILLY-ROMAINVILLIERS;2 fleurs;Hôtel de Ville;51 rue de Paris;;77;77700;BAILLY ROMAINVILLIERS;48.8470158, 2.823775
MAIRIE DE BUC;2 fleurs;Hôtel de Ville;3 rue des Frères Robin;B.P. 90236;78;78532;BUC CEDEX;48.7748112, 2.1246662
MAIRIE DE GAGNY;4 fleurs;Hôtel de Ville;1 place Foch;;93;93220;GAGNY;48.8635041, 2.575157
MAIRIE DE GOUSSAINVILLE;2 fleurs;Hôtel de Ville;Place de la Charmeuse;;95;95191;GOUSSAINVILLE CEDEX;49.0327681, 2.4734199
MAIRIE DE GROSLAY;1 fleur;Hôtel de Ville;22 rue du Général leclerc;;95;95410;GROSLAY;48.9867207, 2.3451104
MAIRIE DE LA CHAPELLE-IGER;1 fleur;Hôtel de Ville;2 rue du Maréchal Leclerc;;77;77540;LA CHAPELLE-IGER;48.6520048, 2.9901192
MAIRIE DE LA FERTE-SOUS-JOUARRE;2 fleurs;Hôtel de Ville;Place de l'Hôtel de Ville;BP 45;77;77260;LA FERTE-SOUS-JOUARRE;48.950195, 3.129322
MAIRIE DE LIMEIL-BREVANNES;1 fleur;Hôtel de Ville;2 place Charles de Gaulle;;94;94450;LIMEIL BREVANNES;48.7494264, 2.4803666
MAIRIE DE MANTES-LA-JOLIE;3 fleurs;Hôtel de Ville;31 rue Gambetta;BP 1600;78;78200;MANTES LA JOLIE;48.9893796, 1.7152979
MAIRIE DE MARINES;2 fleurs;Hôtel de Ville;Place du Maréchal Leclerc;BP 21;95;95640;MARINES;49.145141, 1.982606
MAIRIE DE NANGIS;1 fleur;Hôtel de Ville;Rue du Maréchal de Lattre de Tassigny;B.P.55;77;77370;NANGIS;48.555402, 3.013792
MAIRIE DE NANTERRE;2 fleurs;Hôtel de Ville;88-188 rue du 8 Mai 1945;;92;92000;NANTERRE;48.8923373, 2.2067202
MAIRIE DE NEUILLY-SUR-MARNE;1 fleur;Hôtel de Ville;1 place François Mitterrand;;93;93330;NEUILLY-SUR-MARNE;48.8571267, 2.5286871
MAIRIE DE NOISIEL;3 fleurs;Hôtel de Ville;26 Place Emile Menier;;77;77186;NOISIEL;48.8548635, 2.6287589
MAIRIE DE POISSY;3 fleurs;Hôtel de Ville;Place de la République;;78;78300;POISSY;48.9277733, 2.0440274
MAIRIE DE ROMAINVILLE;2 fleurs;Hôtel de Ville;4 rue de Paris;;93;93231;ROMAINVILLE CEDEX;48.8846726, 2.4309526
MAIRIE DE SAINT-MAURICE;2 fleurs;Hôtel de Ville;55 rue du Maréchal Leclerc;;94;94410;SAINT MAURICE;48.8180226, 2.4263436
MAIRIE DE SOISY-SUR-SEINE;2 fleurs;Hôtel de Ville;Place du Général Leclerc;;91;91450;SOISY SUR SEINE;48.6539278, 2.411812
MAIRIE DE TRILPORT;2 fleurs;Hôtel de Ville;5 rue du Général de Gaulle;;77;77470;TRILPORT;48.9583194, 2.9467219
MAIRIE DE WISSOUS;2 fleurs;Hôtel de Ville;Place de la Libération;;91;91320;WISSOUS;48.7024611, 2.3207485
MAIRIE DU MEE-SUR-SEINE;4 fleurs;Hôtel de Ville;111 rue de la Vive;;77;77350;LE MEE-SUR-SEINE;48.5124495, 2.6245634
MAIRIE DE CHAMPS-SUR-MARNE;3 fleurs;Hôtel de Ville;1 rue de la mairie;BP 1 Champs-sur-Marne;77;77427;MARNE LA VALLEE CEDEX 2;48.852306, 2.602327
MAIRIE D'ANDILLY;2 fleurs;Hôtel de Ville;Rue René Cassin;;95;95580;ANDILLY;49.0054784, 2.3001671
MAIRIE D'AVON;3 fleurs;Hôtel de Ville;8 rue Père Maurice;;77;77216;AVON CEDEX;48.4049351, 2.7208826
MAIRIE D'EPINAY-SUR-SEINE;2 fleurs;Hôtel de Ville;1 rue Quétigny;;93;93800;EPINAY-SUR-SEINE;48.9517318, 2.3142335
MAIRIE DE BOINVILLE-EN-MANTOIS;2 fleurs;Hôtel de Ville;2 rue du Clos doré;;78;78930;BOINVILLE EN MANTOIS;48.9297917, 1.7565998
MAIRIE DE BOUTIGNY-SUR-ESSONNE;3 fleurs;Hôtel de Ville;11 bd Maurice Ouin;;91;91820;BOUTIGNY SUR ESSONNE;48.4374566, 2.380478
MAIRIE DE CESSON;1 fleur;Hôtel de Ville;8 route de Saint-Leu;B.P. 35;77;77245;CESSON CEDEX;48.56268, 2.6025648
MAIRIE DE CLICHY-LA-GARENNE;3 fleurs;Hôtel de Ville;80 bd Jean Jaurès;BP 300;92;92112;CLICHY LA GARENNE;48.9024706, 2.3042784
MAIRIE DE COUPVRAY;1 fleur;Hôtel de Ville;Place de la Mairie;;77;77700;COUPVRAY;48.891616, 2.7935884
MAIRIE DE CREGY-LES-MEAUX;1 fleur;Hôtel de Ville;23 rue Jean Jaurès;;77;77124;CREGY LES MEAUX;48.9781166, 2.8776526
MAIRIE DE DOMONT;2 fleurs;Hôtel de Ville;47 rue de la Mairie;;95;95330;DOMONT;49.027332, 2.3266483
MAIRIE DE FOURQUEUX;2 fleurs;Hôtel de Ville;1 place de la Grille;;78;78112;FOURQUEUX;48.8900126, 2.0632619
MAIRIE DE GRESSY;1 fleur;Hôtel de Ville;12 avenue du Château;;77;77410;GRESSY;48.9641417, 2.6741434
MAIRIE DE L'ILE-SAINT-DENIS;1 fleur;Hôtel de Ville;1 rue Méchin;;93;93450;L'ILE-SAINT-DENIS;48.9354998, 2.3405498
MAIRIE DE LIMAY;3 fleurs;Hôtel de Ville;5 avenue du Président Wilson;;78;78520;LIMAY;48.9920293, 1.735329
MAIRIE DE LIVRY-GARGAN;4 fleurs;Hôtel de Ville;3 place François Mittérand;BP 56;93;93891;LIVRY-GARGAN;48.9194303, 2.5374449
MAIRIE DE LOGNES;2 fleurs;Hôtel de Ville;6 Grande allée Charmilles;;77;77185;LOGNES;48.8351965, 2.6366717
MAIRIE DE MAGNY-LE-HONGRE;2 fleurs;Hôtel de Ville;21 rue du Moulin à Vent;;77;77700;MAGNY-LE-HONGRE;48.8661321, 2.8140467
MAIRIE DE MAROLLES-EN-BRIE (94);3 fleurs;Hôtel de Ville;Place Charles de Gaulle;;94;94440;MAROLLES-EN-BRIE;48.7524098, 2.4997758
MAIRIE DE MOISSY-CRAMAYEL;3 fleurs;Hôtel de Ville;6 place du Souvenir;BP 24;77;77557;MOISSY-CRAMAYEL;48.626733, 2.5932406
MAIRIE DE MONTEREAU-FAULT-YONNE;3 fleurs;Hôtel de Ville;54 rue Jean Jaurès;;77;77130;MONTEREAU FAULT YONNE;48.3847375, 2.9563587
MAIRIE DE MONTREUIL;2 fleurs;Hôtel de Ville;Place Jean Jaurès;;93;93105;MONTREUIL;48.8625448, 2.4423265
MAIRIE DE MONTROUGE;3 fleurs;Hôtel de Ville;43 avenue de la République;;92;92120;MONTROUGE;48.8189314, 2.3198979
MAIRIE DE MORANGIS;2 fleurs;Hôtel de Ville;12 avenue de la République;;91;91420;MORANGIS;48.7046755, 2.3320049
MAIRIE DE NANTEUIL-LES-MEAUX;2 fleurs;Hôtel de Ville;14 rue Benjamin Brunet;;77;77100;NANTEUIL-LES-MEAUX;48.9280414, 2.8963914
MAIRIE DE NOGENT-SUR-MARNE;3 fleurs;Hôtel de Ville;Square d'Estienne d'Orves;;94;94130;NOGENT-SUR-MARNE;48.8527446, 2.4545097
MAIRIE DE NOISY-LE-GRAND;2 fleurs;Hôtel de Ville;1 place de la Libération;BP 49;93;93161;NOISY-LE-GRAND;48.804355, 2.5359131
MAIRIE DE PANTIN;2 fleurs;Hôtel de Ville;84/88 avenue du Général Leclerc;;93;93507;PANTIN CEDEX;48.8970282, 2.4035563
MAIRIE DE PONTOISE;3 fleurs;Hôtel de Ville;2 rue Victor Hugo;B.P. 109;95;95300;PONTOISE;49.0511186, 2.1003972
MAIRIE DE SAINT-GERMAIN-LES-ARPAJON;2 fleurs;Hôtel de Ville;2 rue René Dècle;;91;91180;SAINT GERMAIN LES ARPAJON;48.5954162, 2.2553985
MAIRIE DE SAINT-GRATIEN;3 fleurs;Hôtel de Ville;Place Gambetta;;95;95210;SAINT GRATIEN;48.9526366, 2.2572532
MAIRIE DE SAINTE GENEVIEVE DES BOIS;4 fleurs;Hôtel de Ville;Place Roger Perriaud;;91;91700;SAINTE GENEVIEVE DES BOIS;48.6408872, 2.3260068
MAIRIE DE SURESNES;3 fleurs;Hôtel de Ville;2 rue Carnot;BP 24;92;92150;SURESNES;48.87097, 2.2249946
MAIRIE DE VILLECRESNES;1 fleur;Hôtel de Ville;Place Charles de Gaulle;;94;94440;VILLECRESNES;48.7494388, 2.4803692
MAIRIE DE VILLENEUVE-SAINT-GEORGES;1 fleur;Hôtel de Ville;20 place Pierre Sémard;;94;94190;VILLENEUVE SAINT GEORGES;48.72985, 2.4470183
MAIRIE DES MUREAUX;3 fleurs;Hôtel de Ville;Place de la liberation;;78;78130;LES MUREAUX;49.0399635, 1.9411943
MAIRIE DU CHATELET EN BRIE;3 fleurs;Hôtel de Ville;Place de l'Hôtel de Ville;;77;77820;LE CHATELET EN BRIE;48.5047182, 2.7942373
MAIRIE D'ELANCOURT;3 fleurs;Hôtel de Ville;Place du Général de Gaulle;;78;78990;ELANCOURT;48.7683911, 1.9484638
MAIRIE D'ESBLY;1 fleur;Hôtel de Ville;7 rue Victor Hugo;BP 20;77;77450;ESBLY;48.9008386, 2.8134957
MAIRIE D'HERICY;1 fleur;Hôtel de Ville;6-8 rue de l'Église;;77;77850;HERICY;48.4487545, 2.764675
MAIRIE D'OZOIR-LA-FERRIERE;3 fleurs;Hôtel de Ville;45 avenue du Général de Gaulle;;77;77330;OZOIR-LA-FERRIERE;48.7614876, 2.6717658
MAIRIE DE BONNEUIL-SUR-MARNE;3 fleurs;Hôtel de Ville;7 rue d'Estienne d'Orves;;94;94380;BONNEUIL SUR MARNE;48.7742189, 2.4874346
MAIRIE DE BRIIS-SOUS-FORGES;3 fleurs;Hôtel de Ville;Place de la Libération;;91;91640;BRIIS-SOUS-FORGES;48.6245346, 2.1248517
MAIRIE DE BRUEIL-EN-VEXIN;1 fleur;Hôtel de Ville;14 rue de l'Église;;78;78440;BRUEIL EN VEXIN;49.0300181, 1.8163474
MAIRIE DE BUCHELAY;3 fleurs;Hôtel de Ville;1 rue Gabriel Péri;;78;78200;BUCHELAY;48.9803782, 1.6719596
MAIRIE DE CHARENTON-LE-PONT;3 fleurs;Hôtel de Ville;48 rue de Paris;;94;94220;CHARENTON LE PONT;48.8197131, 2.4161278
MAIRIE DE COLLEGIEN;1 fleur;Hôtel de Ville;8 place Mireille Morvan;BP 80 - Collégien;77;77090;COLLEGIEN;48.8367897, 2.6721774
MAIRIE DE CORMEILLES-EN-PARISIS;3 fleurs;Hôtel de Ville;3 avenue Maurice Berteaux;;95;95240;CORMEILLES EN PARISIS;48.9760299, 2.1995218
MAIRIE DE COURDIMANCHE;1 fleur;Hôtel de Ville;Rue Vieille Saint Martin;;95;95800;COURDIMANCHE;49.0417202, 2.0053221
MAIRIE DE FONTENAY-LE-FLEURY;1 fleur;Hôtel de Ville;Place du 8 Mai 1945;;78;78330;FONTENAY LE FLEURY;48.7854533, 2.0563093
MAIRIE DE FRANCONVILLE;3 fleurs;Hôtel de Ville;11 rue de la Station;BP 90043;95;95132;FRANCONVILLE;48.9864964, 2.2299905
MAIRIE DE GARGES-LES-GONESSE;1 fleur;Hôtel de Ville;8 place de l'Hôtel de Ville;BP2;95;95141;GARGES-LES-GONESSE CEDEX;48.9719166, 2.3993369
MAIRIE DE LARDY;1 fleur;Hôtel de Ville;70 Grande Rue;;91;91510;LARDY;48.520246, 2.2647014
MAIRIE DE MONTEVRAIN;1 fleur;Hôtel de Ville;4 rue Bonne Mouche;;77;77144;MONTEVRAIN;48.8750143, 2.745294
MAIRIE DE MONTGERON;2 fleurs;Hôtel de Ville;112 bis avenue de la République;;91;91230;MONTGERON;48.7040316, 2.4602221
MAIRIE DE MONTIGNY-LE-BRETONNEUX;1 fleur;Hôtel de Ville;66 rue de la Mare aux Carats;;78;78180;MONTIGNY-LE-BRETONNEUX;48.7679377, 2.0366938
MAIRIE DE TORCY;2 fleurs;Hôtel de Ville;Place de l'Appel du 18 Juin 1940;;77;77207;TORCY CEDEX 01;48.849672, 2.6522491
MAIRIE DE VAUHALLAN;1 fleur;Hôtel de Ville;10 Grande Rue du 8 mai 1945;;91;91430;VAUHALLAN;48.7337447, 2.2072937
MAIRIE DE VERNOU-LA-CELLE;1 fleur;Hôtel de Ville;41 rue de la Mairie;;77;77670;VERNOU LA CELLE SUR SEINE;48.3888656, 2.8471041
MAIRIE DE VIRY-CHATILLON;3 fleurs;Hôtel de Ville;28 place de la République;BP 43;91;91178;VIRY CHATILLON;48.6705276, 2.3750816
MAIRIE DE VOISINS-LE-BRETONNEUX;2 fleurs;Hôtel de Ville;1 place Charles de Gaulle;B.P. 30036;78;78960;VOISINS LE BRETONNEUX;48.7586622, 2.0500781
